{"flutter":{"platforms":{"android":{"default":{"projectId":"women-safety-app-2-636dc","appId":"1:333777144664:android:b2e75ca1ad68fb6833f32d","fileOutput":"android/app/google-services.json"}},"dart":{"lib/firebase_options.dart":{"projectId":"women-safety-app-2-636dc","configurations":{"android":"1:333777144664:android:b2e75ca1ad68fb6833f32d","ios":"1:333777144664:ios:fb8ff0da0531add833f32d","macos":"1:333777144664:ios:fb8ff0da0531add833f32d","web":"1:333777144664:web:4c56d50f44c4599333f32d","windows":"1:333777144664:web:b8f82db49370319f33f32d"}}}}}}